dtitle,author,publisher,publishDate,imageUrl,idBook,pages,language,isValid,price,rating,description,stock,category,idUser,issold
Classical Mythology,Mark P. O. Morford,Oxford University Press,2002,http://images.amazon.com/images/P/0195153448.01.LZZZZZZZ.jpg,1,940,French,APPROVED,44.11,2,Impact building meet two say officer. Production field exactly continue.,63,ROMANCE,user_2wPRveAHPeTG0QUCpqrLhvXofVT,True
Clara Callan,Richard Bruce Wright,HarperFlamingo Canada,2001,http://images.amazon.com/images/P/0002005018.01.LZZZZZZZ.jpg,2,356,English,APPROVED,6.78,1,Provide music card anyone physical site these. Drive artist those. Four job step less play. Identify ahead system down analysis.,76,BIOGRAPHY,user_2wPRveAHPeTG0QUCpqrLhvXofVT,True
Decision in Normandy,Carlo D'Este,HarperPerennial,1991,http://images.amazon.com/images/P/0060973129.01.LZZZZZZZ.jpg,3,328,Spanish,APPROVED,19.04,1,Great plant party hold role. Democratic sometimes try energy understand authority.,63,ROMANCE,user_2wPRveAHPeTG0QUCpqrLhvXofVT,True
Flu: The Story of the Great Influenza Pandemic of 1918 and the Search for the Virus That Caused It,Gina Bari Kolata,Farrar Straus Giroux,1999,http://images.amazon.com/images/P/0374157065.01.LZZZZZZZ.jpg,4,110,English,APPROVED,20.8,2,"Green here six. Camera strategy heart manage condition somebody center.
Oil anyone door business. Position likely land compare.",85,NON_FICTION,user_2wPRveAHPeTG0QUCpqrLhvXofVT,False
The Mummies of Urumchi,E. J. W. Barber,W. W. Norton &amp; Company,1999,http://images.amazon.com/images/P/0393045218.01.LZZZZZZZ.jpg,5,227,English,APPROVED,14.48,5,Behind appear measure myself professional. South company manager effort yard thing window. Benefit remember tough address.,53,CHILDRENS_LITERATURE,user_2wPRveAHPeTG0QUCpqrLhvXofVT,True
The Kitchen God's Wife,Amy Tan,Putnam Pub Group,1991,http://images.amazon.com/images/P/0399135782.01.LZZZZZZZ.jpg,6,268,French,APPROVED,25.67,2,In edge unit program without control join. Body same store image recently.,29,MYSTERY,user_2wPRveAHPeTG0QUCpqrLhvXofVT,True
What If?: The World's Foremost Military Historians Imagine What Might Have Been,Robert Cowley,Berkley Publishing Group,2000,http://images.amazon.com/images/P/0425176428.01.LZZZZZZZ.jpg,7,290,French,APPROVED,10.98,5,Soon quality company open radio prepare such. Building doctor tough artist five offer. Quickly tree study natural military southern.,94,THRILLER,user_2wPRveAHPeTG0QUCpqrLhvXofVT,False
PLEADING GUILTY,Scott Turow,Audioworks,1993,http://images.amazon.com/images/P/0671870432.01.LZZZZZZZ.jpg,8,232,English,APPROVED,24.81,4,"Walk method you attack. Contain product bring drive plan.
Official perform machine your fact white check call. Purpose side individual size under.",61,NON_FICTION,user_2wPRveAHPeTG0QUCpqrLhvXofVT,False
Under the Black Flag: The Romance and the Reality of Life Among the Pirates,David Cordingly,Random House,1996,http://images.amazon.com/images/P/0679425608.01.LZZZZZZZ.jpg,9,586,Spanish,APPROVED,29.42,2,"Leave window this provide sit start. Office thousand system opportunity.
Plant I fall security toward. After fact allow color.",84,ROMANCE,user_2wPRveAHPeTG0QUCpqrLhvXofVT,False
Where You'll Find Me: And Other Stories,Ann Beattie,Scribner,2002,http://images.amazon.com/images/P/074322678X.01.LZZZZZZZ.jpg,10,618,English,APPROVED,12.86,5,Participant final military baby call result hundred very. Behind movement week artist. Reduce mean action the continue.,65,SELF_HELP,user_2wPRveAHPeTG0QUCpqrLhvXofVT,False
Nights Below Station Street,David Adams Richards,Emblem Editions,1988,http://images.amazon.com/images/P/0771074670.01.LZZZZZZZ.jpg,11,151,Spanish,APPROVED,8.21,4,Ten director good low hospital leader yet. Magazine want ground night action real hundred.,78,THRILLER,user_2wPRveAHPeTG0QUCpqrLhvXofVT,False
Hitler's Secret Bankers: The Myth of Swiss Neutrality During the Holocaust,Adam Lebor,Citadel Press,2000,http://images.amazon.com/images/P/080652121X.01.LZZZZZZZ.jpg,12,255,Spanish,APPROVED,25.54,4,Respond participant she wonder fine generation. Participant nation information boy they these. Would pick first general use we argue.,59,YOUNG_ADULT,user_2wPRveAHPeTG0QUCpqrLhvXofVT,False
The Middle Stories,Sheila Heti,House of Anansi Press,2004,http://images.amazon.com/images/P/0887841740.01.LZZZZZZZ.jpg,13,313,English,APPROVED,42.46,4,Owner western hear raise customer story his. Wait television water society view father today. End bank since hundred tend power board.,70,HISTORICAL_FICTION,user_2wPRveAHPeTG0QUCpqrLhvXofVT,True
Jane Doe,R. J. Kaiser,Mira Books,1999,http://images.amazon.com/images/P/1552041778.01.LZZZZZZZ.jpg,14,188,Spanish,APPROVED,25.7,5,"Accept them writer not.
Yeah capital against training forget name many. Her international impact recently.",68,MYSTERY,user_2wPRveAHPeTG0QUCpqrLhvXofVT,False
A Second Chicken Soup for the Woman's Soul (Chicken Soup for the Soul Series),Jack Canfield,Health Communications,1998,http://images.amazon.com/images/P/1558746218.01.LZZZZZZZ.jpg,15,405,Spanish,APPROVED,29.84,2,Particularly cup record could thousand. Population side American southern dark life.,42,SCIENCE_FICTION,user_2wPRveAHPeTG0QUCpqrLhvXofVT,True
The Witchfinder (Amos Walker Mystery Series),Loren D. Estleman,Brilliance Audio - Trade,1998,http://images.amazon.com/images/P/1567407781.01.LZZZZZZZ.jpg,16,326,French,APPROVED,28.45,2,"I it federal bad during. Series unit song consider.
Others nation with. Wonder huge value small kid who find pass.",17,SELF_HELP,user_2wPRveAHPeTG0QUCpqrLhvXofVT,True
More Cunning Than Man: A Social History of Rats and Man,Robert Hendrickson,Kensington Publishing Corp.,1999,http://images.amazon.com/images/P/1575663937.01.LZZZZZZZ.jpg,17,897,English,APPROVED,49.76,4,Military money form job well thing last. Fly lay for. Accept tough end growth.,84,MYSTERY,user_2wPRveAHPeTG0QUCpqrLhvXofVT,False
Goodbye to the Buttermilk Sky,Julia Oliver,River City Pub,1994,http://images.amazon.com/images/P/1881320189.01.LZZZZZZZ.jpg,18,982,English,APPROVED,22.77,4,Force move present right size. Most group daughter concern. Throughout head media Republican order western impact.,39,NON_FICTION,user_2wPRveAHPeTG0QUCpqrLhvXofVT,True
The Testament,John Grisham,Dell,1999,http://images.amazon.com/images/P/0440234743.01.LZZZZZZZ.jpg,19,504,Spanish,APPROVED,27.6,5,"Then miss better structure couple world staff.
How western these century rest concern tend suddenly. After thank price phone back.",84,THRILLER,user_2wPRveAHPeTG0QUCpqrLhvXofVT,False
Beloved (Plume Contemporary Fiction),Toni Morrison,Plume,1994,http://images.amazon.com/images/P/0452264464.01.LZZZZZZZ.jpg,20,335,Spanish,APPROVED,25.49,2,Key although do six speech financial. Fast whatever member often politics.,36,CHILDRENS_LITERATURE,user_2wPRveAHPeTG0QUCpqrLhvXofVT,True
Our Dumb Century: The Onion Presents 100 Years of Headlines from America's Finest News Source,The Onion,Three Rivers Press,1999,http://images.amazon.com/images/P/0609804618.01.LZZZZZZZ.jpg,21,954,Spanish,APPROVED,12.9,5,Soldier power force foreign serious you read writer.,8,YOUNG_ADULT,user_2wPRveAHPeTG0QUCpqrLhvXofVT,True
New Vegetarian: Bold and Beautiful Recipes for Every Occasion,Celia Brooks Brown,Ryland Peters &amp; Small Ltd,2001,http://images.amazon.com/images/P/1841721522.01.LZZZZZZZ.jpg,22,675,English,APPROVED,8.58,4,Set sit explain type example. Commercial answer message feel. Player bring guy its whom moment animal.,60,MYSTERY,user_2wPRveAHPeTG0QUCpqrLhvXofVT,False
If I'd Known Then What I Know Now: Why Not Learn from the Mistakes of Others? : You Can't Afford to Make Them All Yourself,J. R. Parrish,Cypress House,2003,http://images.amazon.com/images/P/1879384493.01.LZZZZZZZ.jpg,23,841,French,APPROVED,49.63,3,Better data officer employee son wait. Thus gun carry agent hair ball.,32,CHILDRENS_LITERATURE,user_2wPRveAHPeTG0QUCpqrLhvXofVT,False
Mary-Kate &amp; Ashley Switching Goals (Mary-Kate and Ashley Starring in),Mary-Kate &amp; Ashley Olsen,HarperEntertainment,2000,http://images.amazon.com/images/P/0061076031.01.LZZZZZZZ.jpg,24,902,Spanish,APPROVED,27.87,2,Per capital contain reality forget certainly. Them brother town short force. Former level experience democratic one. Dark city will better.,14,SCIENCE_FICTION,user_2wPRveAHPeTG0QUCpqrLhvXofVT,True
Tell Me This Isn't Happening,Robynn Clairday,Scholastic,1999,http://images.amazon.com/images/P/0439095026.01.LZZZZZZZ.jpg,25,417,Spanish,APPROVED,25.78,3,Media increase skin risk class provide agree. Sometimes detail tonight describe street. Still work factor single must.,81,CHILDRENS_LITERATURE,user_2wPRveAHPeTG0QUCpqrLhvXofVT,False
Flood : Mississippi 1927,Kathleen Duey,Aladdin,1998,http://images.amazon.com/images/P/0689821166.01.LZZZZZZZ.jpg,26,521,English,APPROVED,17.77,1,Page day president couple. Food industry attention. Four develop easy head reflect live.,79,FANTASY,user_2wPRveAHPeTG0QUCpqrLhvXofVT,True
Wild Animus,Rich Shapero,Too Far,2004,http://images.amazon.com/images/P/0971880107.01.LZZZZZZZ.jpg,27,689,Spanish,APPROVED,42.17,3,Change authority staff hotel might quickly. Trouble occur create seem happy happy. Line though natural others wide sound why spring.,5,YOUNG_ADULT,user_2wPRveAHPeTG0QUCpqrLhvXofVT,True
Airframe,Michael Crichton,Ballantine Books,1997,http://images.amazon.com/images/P/0345402871.01.LZZZZZZZ.jpg,28,182,English,APPROVED,30.1,3,Reduce eight type matter central option.,100,HISTORICAL_FICTION,user_2wPRveAHPeTG0QUCpqrLhvXofVT,False
Timeline,MICHAEL CRICHTON,Ballantine Books,2000,http://images.amazon.com/images/P/0345417623.01.LZZZZZZZ.jpg,29,757,English,APPROVED,12.11,4,But author sense but street much bed. Either measure appear tend agent meeting whose yard. Contain forward always campaign.,8,THRILLER,user_2wPRveAHPeTG0QUCpqrLhvXofVT,False
OUT OF THE SILENT PLANET,C.S. Lewis,Scribner,1996,http://images.amazon.com/images/P/0684823802.01.LZZZZZZZ.jpg,30,933,Spanish,APPROVED,23.87,5,Your stand personal set study offer. Sign hit man off charge class.,77,CHILDRENS_LITERATURE,user_2wPRveAHPeTG0QUCpqrLhvXofVT,True
Prague : A Novel,ARTHUR PHILLIPS,Random House Trade Paperbacks,2003,http://images.amazon.com/images/P/0375759778.01.LZZZZZZZ.jpg,31,986,French,APPROVED,25.77,5,Official position prepare opportunity area major.,51,BIOGRAPHY,user_2wPRveAHPeTG0QUCpqrLhvXofVT,True
Chocolate Jesus,Stephan Jaramillo,Berkley Publishing Group,1998,http://images.amazon.com/images/P/0425163091.01.LZZZZZZZ.jpg,32,387,English,APPROVED,9.36,4,Majority within before conference southern certain little. Though wife doctor citizen stay. View with affect ever economic look such.,38,YOUNG_ADULT,user_2wPRveAHPeTG0QUCpqrLhvXofVT,False
Wie Barney es sieht.,Mordecai Richler,LÃ?Â¼bbe,2002,http://images.amazon.com/images/P/3404921038.01.LZZZZZZZ.jpg,33,222,Spanish,APPROVED,34.24,5,Ball role probably smile bit important trip. There agency perhaps create system prepare.,33,NON_FICTION,user_2wPRveAHPeTG0QUCpqrLhvXofVT,False
Der Fluch der Kaiserin. Ein Richter- Di- Roman.,Eleanor Cooney,Goldmann,2001,http://images.amazon.com/images/P/3442353866.01.LZZZZZZZ.jpg,34,199,English,APPROVED,40.6,5,Week figure beautiful head ago election rich. Something cold decade four arrive whom early reveal.,97,FANTASY,user_2wPRveAHPeTG0QUCpqrLhvXofVT,False
Sturmzeit. Roman.,Charlotte Link,Goldmann,1991,http://images.amazon.com/images/P/3442410665.01.LZZZZZZZ.jpg,35,493,Spanish,APPROVED,45.15,1,Than big federal radio information address.,46,ROMANCE,user_2wPRveAHPeTG0QUCpqrLhvXofVT,False
Tage der Unschuld.,Richard North Patterson,Goldmann,2000,http://images.amazon.com/images/P/3442446937.01.LZZZZZZZ.jpg,36,924,Spanish,APPROVED,47.43,1,Election oil material fall help if manage. Go science all success yeah. His quickly energy including.,16,CHILDRENS_LITERATURE,user_2wPRveAHPeTG0QUCpqrLhvXofVT,False
Lying Awake,Mark Salzman,Alfred A. Knopf,2000,http://images.amazon.com/images/P/0375406328.01.LZZZZZZZ.jpg,37,501,English,APPROVED,46.62,2,Fast minute into support culture campaign record. Argue force mission itself then when final. Surface measure remain room southern.,61,NON_FICTION,user_2wPRveAHPeTG0QUCpqrLhvXofVT,False
To Kill a Mockingbird,Harper Lee,Little Brown &amp; Company,1988,http://images.amazon.com/images/P/0446310786.01.LZZZZZZZ.jpg,38,102,Spanish,APPROVED,44.48,3,Under the million medical build week they condition. By across catch prepare computer life. Smile use new above.,57,BIOGRAPHY,user_2wPRveAHPeTG0QUCpqrLhvXofVT,False
Seabiscuit: An American Legend,LAURA HILLENBRAND,Ballantine Books,2002,http://images.amazon.com/images/P/0449005615.01.LZZZZZZZ.jpg,39,339,English,APPROVED,39.36,1,Push which just. Town practice the cup. Attorney special around let beautiful sign each significant.,54,HISTORICAL_FICTION,user_2wPRveAHPeTG0QUCpqrLhvXofVT,False
Pigs in Heaven,Barbara Kingsolver,Harpercollins,1993,http://images.amazon.com/images/P/0060168013.01.LZZZZZZZ.jpg,40,340,French,APPROVED,28.81,5,Nor pass public know happen. Save six they trip information inside main. Year modern somebody news. Name friend manager protect allow.,39,THRILLER,user_2wPRveAHPeTG0QUCpqrLhvXofVT,True
Miss Zukas and the Raven's Dance,Jo Dereske,Avon,1996,http://images.amazon.com/images/P/038078243X.01.LZZZZZZZ.jpg,41,700,French,APPROVED,22.07,4,Month power ago anyone picture nearly memory any. Stay year form sign either.,68,NON_FICTION,user_2wPRveAHPeTG0QUCpqrLhvXofVT,True
Pride and Prejudice,Jane Austen,Bantam,1983,http://images.amazon.com/images/P/055321215X.01.LZZZZZZZ.jpg,42,221,English,APPROVED,31.97,1,Wrong unit debate fear phone population.,6,SELF_HELP,user_2wPRveAHPeTG0QUCpqrLhvXofVT,False
The Therapeutic Touch: How to Use Your Hands to Help or to Heal,Dolores Krieger,Fireside,1979,http://images.amazon.com/images/P/067176537X.01.LZZZZZZZ.jpg,43,360,French,APPROVED,22.47,3,"Meet garden beat husband many. They can those partner same stop.
Speak land condition heavy. Upon base man.",2,HISTORICAL_FICTION,user_2wPRveAHPeTG0QUCpqrLhvXofVT,True
Downtown,Anne Rivers Siddons,HarperTorch,1995,http://images.amazon.com/images/P/0061099686.01.LZZZZZZZ.jpg,44,829,French,APPROVED,24.83,4,Listen particular realize parent. Green model likely even painting room.,20,YOUNG_ADULT,user_2wPRveAHPeTG0QUCpqrLhvXofVT,True
Icebound,Dean R. Koontz,Bantam Books,2000,http://images.amazon.com/images/P/0553582909.01.LZZZZZZZ.jpg,45,299,English,APPROVED,11.54,4,National always site book add meeting popular. Decide later popular someone. Hear common capital firm first.,47,NON_FICTION,user_2wPRveAHPeTG0QUCpqrLhvXofVT,False
I'll Be Seeing You,Mary Higgins Clark,Pocket,1994,http://images.amazon.com/images/P/0671888587.01.LZZZZZZZ.jpg,46,637,French,APPROVED,34.55,5,"History green past. Bar general month.
Day yes month support want degree. Six simply trial but fire couple not.",45,SELF_HELP,user_2wPRveAHPeTG0QUCpqrLhvXofVT,False
From the Corner of His Eye,Dean Koontz,Bantam Books,2001,http://images.amazon.com/images/P/0553582747.01.LZZZZZZZ.jpg,47,886,Spanish,APPROVED,35.19,1,Whom morning expect. House face serious truth. Study significant season site whatever budget.,46,THRILLER,user_2wPRveAHPeTG0QUCpqrLhvXofVT,True
Isle of Dogs,Patricia Cornwell,Berkley Publishing Group,2002,http://images.amazon.com/images/P/0425182908.01.LZZZZZZZ.jpg,48,657,Spanish,APPROVED,41.69,4,Yes community institution though network. Likely what do shoulder. Position buy interview today one marriage particular.,56,THRILLER,user_2wPRveAHPeTG0QUCpqrLhvXofVT,False
Purity in Death,J.D. Robb,Berkley Publishing Group,2002,http://images.amazon.com/images/P/042518630X.01.LZZZZZZZ.jpg,49,769,Spanish,APPROVED,13.77,4,Particular debate forward ball process me race.,22,SCIENCE_FICTION,user_2wPRveAHPeTG0QUCpqrLhvXofVT,True
This Year It Will Be Different: And Other Stories,Maeve Binchy,Dell,1997,http://images.amazon.com/images/P/0440223571.01.LZZZZZZZ.jpg,50,103,Spanish,APPROVED,44.59,2,Less everything feel than professional gun sign. History kitchen write return before choose enjoy. Democrat once push amount.,44,FANTASY,user_2wPRveAHPeTG0QUCpqrLhvXofVT,True
Proxies,Laura J. Mixon,Tor Books,1999,http://images.amazon.com/images/P/0812523873.01.LZZZZZZZ.jpg,51,516,Spanish,APPROVED,31.9,3,Success require bank. Half senior statement huge individual reveal. Game Mrs community impact pay word style.,90,SCIENCE_FICTION,user_2wPRveAHPeTG0QUCpqrLhvXofVT,True
Left Behind: A Novel of the Earth's Last Days (Left Behind #1),Tim Lahaye,Tyndale House Publishers,2000,http://images.amazon.com/images/P/0842342702.01.LZZZZZZZ.jpg,52,779,Spanish,APPROVED,32.77,5,As answer sign eye. Though enter whatever interest. Thousand as house everyone product.,48,NON_FICTION,user_2wPRveAHPeTG0QUCpqrLhvXofVT,True
The Street Lawyer,JOHN GRISHAM,Dell,1999,http://images.amazon.com/images/P/0440225701.01.LZZZZZZZ.jpg,53,229,English,APPROVED,48.49,1,About thing white future major less top senior. Set difficult picture mean short positive back parent.,79,THRILLER,user_2wPRveAHPeTG0QUCpqrLhvXofVT,True
"Love, Medicine and Miracles",M.D. Bernie S. Siegel,HarperCollins Publishers,1988,http://images.amazon.com/images/P/0060914068.01.LZZZZZZZ.jpg,54,687,English,APPROVED,45.69,4,Environmental project be result identify difficult phone. On reveal generation purpose tonight. Life cultural know machine administration.,73,MYSTERY,user_2wPRveAHPeTG0QUCpqrLhvXofVT,False
All the King's Men,Robert Penn Warren,Harvest Books,1982,http://images.amazon.com/images/P/0156047624.01.LZZZZZZZ.jpg,55,708,French,APPROVED,10.55,2,Become much to style. Pattern high quickly serious. West clearly peace able notice people. Green instead red left officer measure perhaps.,57,NON_FICTION,user_2wPRveAHPeTG0QUCpqrLhvXofVT,True
Pacific Northwest,Hans Johannes Hoefer,Chambers Harrap Publishers Ltd,1985,http://images.amazon.com/images/P/0245542957.01.LZZZZZZZ.jpg,56,262,English,APPROVED,37.0,2,"People agree present suddenly member. Save its condition before edge mind.
Begin field laugh long. Cut against serve degree.",50,YOUNG_ADULT,user_2wPRveAHPeTG0QUCpqrLhvXofVT,False
A Soldier of the Great War,Mark Helprin,Avon Books,1992,http://images.amazon.com/images/P/0380715899.01.LZZZZZZZ.jpg,57,185,Spanish,APPROVED,12.92,5,Economy evening both student industry notice hit. Carry recognize buy thank strong.,60,THRILLER,user_2wPRveAHPeTG0QUCpqrLhvXofVT,False
Getting Well Again,O. Carol Simonton Md,Bantam,1992,http://images.amazon.com/images/P/0553280333.01.LZZZZZZZ.jpg,58,717,Spanish,APPROVED,8.51,2,Think only country value east how. Detail material save.,98,ROMANCE,user_2wPRveAHPeTG0QUCpqrLhvXofVT,False
Northwest Wines and Wineries,Chuck Hill,Speed Graphics,1993,http://images.amazon.com/images/P/0961769947.01.LZZZZZZZ.jpg,59,336,English,APPROVED,41.72,4,"Power piece charge let indicate article after. Music it note beyond star training.
Fish fire only argue actually strong bill. Bed measure pick.",30,SCIENCE_FICTION,user_2wPRveAHPeTG0QUCpqrLhvXofVT,True
An Atmosphere of Eternity: Stories of India,David Iglehart,Sunflower Press,2002,http://images.amazon.com/images/P/0964778319.01.LZZZZZZZ.jpg,60,385,Spanish,APPROVED,28.93,3,Fish tend off reveal Democrat age kind. Wish since seem light identify serve big.,76,ROMANCE,user_2wPRveAHPeTG0QUCpqrLhvXofVT,False
LONESOME DOVE,Larry McMurtry,Pocket,1986,http://images.amazon.com/images/P/0671623249.01.LZZZZZZZ.jpg,61,417,French,APPROVED,48.27,4,"Four way my big choose loss. Successful begin yeah such. Allow body quality thank.
Artist main fact instead protect. Year consider policy him teach.",70,ROMANCE,user_2wPRveAHPeTG0QUCpqrLhvXofVT,False
Shabanu: Daughter of the Wind (Border Trilogy),SUZANNE FISHER STAPLES,Laurel Leaf,1991,http://images.amazon.com/images/P/0679810307.01.LZZZZZZZ.jpg,62,337,English,APPROVED,43.48,2,Author truth approach well technology travel continue. Two trade medical upon for hundred. Doctor threat probably rest for head.,68,YOUNG_ADULT,user_2wPRveAHPeTG0QUCpqrLhvXofVT,True
Haveli (Laurel Leaf Books),SUZANNE FISHER STAPLES,Laurel Leaf,1995,http://images.amazon.com/images/P/0679865691.01.LZZZZZZZ.jpg,63,192,English,APPROVED,27.09,3,"Threat bit technology law. Mrs lot skin anything east we.
Heavy maintain rather wind tree PM still trip. Ago material public.",97,SCIENCE_FICTION,user_2wPRveAHPeTG0QUCpqrLhvXofVT,True
Lieux dits,Michel Tournier,Gallimard,2002,http://images.amazon.com/images/P/2070423204.01.LZZZZZZZ.jpg,64,363,French,APPROVED,26.58,2,"Whose tend follow political science population. Upon true lawyer material close front.
Letter social those south night.
Choice continue level see.",85,FANTASY,user_2wPRveAHPeTG0QUCpqrLhvXofVT,False
The Dragons of Eden: Speculations on the Evolution of Human Intelligence,Carl Sagan,Ballantine Books,1978,http://images.amazon.com/images/P/0345260317.01.LZZZZZZZ.jpg,65,467,English,APPROVED,45.77,5,Practice usually recent. Quality edge perhaps black model full our. Newspaper party begin movie.,24,BIOGRAPHY,user_2wPRveAHPeTG0QUCpqrLhvXofVT,True
The yawning heights,Aleksandr Zinoviev,Random House,1980,http://images.amazon.com/images/P/0394743741.01.LZZZZZZZ.jpg,66,674,Spanish,APPROVED,48.08,5,Friend own best speech. Least individual station everybody center out customer.,65,NON_FICTION,user_2wPRveAHPeTG0QUCpqrLhvXofVT,False
Breathing Lessons,Anne Tyler,Berkley Publishing Group,1994,http://images.amazon.com/images/P/042511774X.01.LZZZZZZZ.jpg,67,745,Spanish,APPROVED,44.03,1,Herself network question resource course interest program sister. Game movie goal write ball.,61,FANTASY,user_2wPRveAHPeTG0QUCpqrLhvXofVT,True
The Joy Luck Club,Amy Tan,Prentice Hall (K-12),1994,http://images.amazon.com/images/P/0804106304.01.LZZZZZZZ.jpg,68,329,French,APPROVED,32.78,4,"Eat summer property bar fall read. Service still yet eye.
Knowledge development president door Democrat avoid. Write century southern full just.",44,THRILLER,user_2wPRveAHPeTG0QUCpqrLhvXofVT,False
Heart of Darkness (Wordsworth Collection),Joseph Conrad,NTC/Contemporary Publishing Company,1998,http://images.amazon.com/images/P/1853262404.01.LZZZZZZZ.jpg,69,556,Spanish,APPROVED,6.98,1,None offer know civil identify real. Parent cause institution product. Second or page.,87,ROMANCE,user_2wPRveAHPeTG0QUCpqrLhvXofVT,False
The Angel Is Near,Deepak Chopra,St. Martin's Press,2000,http://images.amazon.com/images/P/0312970242.01.LZZZZZZZ.jpg,70,656,English,APPROVED,47.58,2,"List almost million itself just writer between. Expect attack find wide conference this speak.
Media method number operation finish war.",79,HISTORICAL_FICTION,user_2wPRveAHPeTG0QUCpqrLhvXofVT,False
Tess of the D'Urbervilles (Wordsworth Classics),Thomas Hardy,NTC/Contemporary Publishing Company,1997,http://images.amazon.com/images/P/1853260053.01.LZZZZZZZ.jpg,71,550,French,APPROVED,34.57,4,"Five occur our.
Structure agree occur may measure relate. East agent hope have bad old just.",31,SELF_HELP,user_2wPRveAHPeTG0QUCpqrLhvXofVT,False
The Adventures of Drew and Ellie: The Magical Dress,Charles Noland,1stBooks Library,2003,http://images.amazon.com/images/P/1414035004.01.LZZZZZZZ.jpg,72,427,French,APPROVED,12.49,5,Long community offer perhaps. Night field hair church. Effect chair drop interesting between election.,74,MYSTERY,user_2wPRveAHPeTG0QUCpqrLhvXofVT,True
The Accidental Virgin,Valerie Frankel,Avon Trade,2003,http://images.amazon.com/images/P/0060938412.01.LZZZZZZZ.jpg,73,420,French,APPROVED,13.06,2,"Analysis similar central small most standard. Million article kitchen beat when describe.
Than music beautiful alone prove measure dream.",89,FANTASY,user_2wPRveAHPeTG0QUCpqrLhvXofVT,False
The Tao of Pooh,Benjamin Hoff,Penguin Books,1983,http://images.amazon.com/images/P/0140067477.01.LZZZZZZZ.jpg,74,609,English,APPROVED,23.19,3,Expect whether month possible. Collection central card major color.,39,YOUNG_ADULT,user_2wPRveAHPeTG0QUCpqrLhvXofVT,False
Seabiscuit,LAURA HILLENBRAND,Ballantine Books,2003,http://images.amazon.com/images/P/0345465083.01.LZZZZZZZ.jpg,75,588,French,APPROVED,36.8,2,Avoid under west travel trip work us. Capital image eat price never suddenly.,2,MYSTERY,user_2wPRveAHPeTG0QUCpqrLhvXofVT,False
The Prince,Niccolo Machiavelli,Signet Book,1952,http://images.amazon.com/images/P/0451625889.01.LZZZZZZZ.jpg,76,847,English,APPROVED,32.87,3,Edge need plan move so pull their. Need cup partner.,51,FANTASY,user_2wPRveAHPeTG0QUCpqrLhvXofVT,True
Life's Little Instruction Book (Life's Little Instruction Books (Paperback)),H. Jackson Brown,Thomas Nelson,1991,http://images.amazon.com/images/P/1558531025.01.LZZZZZZZ.jpg,77,230,French,APPROVED,10.74,2,Close that which everything. May family month sport. Always include avoid necessary people option mouth.,39,CHILDRENS_LITERATURE,user_2wPRveAHPeTG0QUCpqrLhvXofVT,False
Starship Troopers,Robert A. Heinlein,Ace Books,1987,http://images.amazon.com/images/P/0441783589.01.LZZZZZZZ.jpg,78,533,English,APPROVED,46.65,1,Behavior attorney hit major including. Identify car citizen.,58,MYSTERY,user_2wPRveAHPeTG0QUCpqrLhvXofVT,True
"The Ruby in the Smoke (Sally Lockhart Trilogy, Book 1)",PHILIP PULLMAN,Laurel Leaf,1988,http://images.amazon.com/images/P/0394895894.01.LZZZZZZZ.jpg,79,736,Spanish,APPROVED,14.17,2,Message decade technology forget really charge. Light bank decide somebody down.,85,THRILLER,user_2wPRveAHPeTG0QUCpqrLhvXofVT,False
Black Beauty (Illustrated Classics),Anna Sewell,Landoll,1995,http://images.amazon.com/images/P/1569871213.01.LZZZZZZZ.jpg,80,968,Spanish,APPROVED,19.99,3,Defense wrong let discuss send. War charge movie nature certainly send yet exactly.,100,ROMANCE,user_2wPRveAHPeTG0QUCpqrLhvXofVT,True
Anil's Ghost,MICHAEL ONDAATJE,Knopf,2000,http://images.amazon.com/images/P/0375410538.01.LZZZZZZZ.jpg,81,560,Spanish,APPROVED,35.39,3,Decide budget since. Happen knowledge three wife far but through by. Training action believe so project during.,78,HISTORICAL_FICTION,user_2wPRveAHPeTG0QUCpqrLhvXofVT,False
Prescription for Terror,Sandra Levy Ceren,Andrew Scott Publishers,1999,http://images.amazon.com/images/P/0966986105.01.LZZZZZZZ.jpg,82,776,French,APPROVED,13.37,1,Unit hold its drug. Sometimes series seat wrong.,58,BIOGRAPHY,user_2wPRveAHPeTG0QUCpqrLhvXofVT,False
Modern Manners: An Etiquette Book for Rude People,P.J. O'Rourke,Atlantic Monthly Press,1990,http://images.amazon.com/images/P/087113375X.01.LZZZZZZZ.jpg,83,563,Spanish,APPROVED,37.93,4,Two student itself leg note teach nothing. Strategy investment political picture trouble might decision.,100,YOUNG_ADULT,user_2wPRveAHPeTG0QUCpqrLhvXofVT,True
Turning Thirty,Mike Gayle,Hodder &amp; Stoughton General Division,2000,http://images.amazon.com/images/P/0340767936.01.LZZZZZZZ.jpg,84,142,French,APPROVED,26.49,1,New third store college. Science heart business resource in. Response agreement station at.,47,SCIENCE_FICTION,user_2wPRveAHPeTG0QUCpqrLhvXofVT,False
Decipher,Stel Pavlou,Simon &amp; Schuster (Trade Division),2002,http://images.amazon.com/images/P/0743403843.01.LZZZZZZZ.jpg,85,821,French,APPROVED,25.51,4,Thus with course detail. Increase school well explain. Toward stand while heart how. Treat hope voice live job.,59,NON_FICTION,user_2wPRveAHPeTG0QUCpqrLhvXofVT,False
"My First Cousin Once Removed: Money, Madness, and the Family of Robert Lowell",Sarah Payne Stuart,Perennial,1999,http://images.amazon.com/images/P/0060930365.01.LZZZZZZZ.jpg,86,495,Spanish,APPROVED,24.11,1,Old more south billion decade. Small suggest ahead.,29,SELF_HELP,user_2wPRveAHPeTG0QUCpqrLhvXofVT,False
Standing Firm: A Vice-Presidential Memoir,Dan Quayle,Harpercollins,1994,http://images.amazon.com/images/P/0060177586.01.LZZZZZZZ.jpg,87,899,English,APPROVED,14.52,1,Media control open consumer camera way. Choose quality push power past. Draw apply avoid necessary trade. Fire power left hard.,74,THRILLER,user_2wPRveAHPeTG0QUCpqrLhvXofVT,False
Team Bush : Leadership Lessons from the Bush White House,Donald F. Kettl,McGraw-Hill,2003,http://images.amazon.com/images/P/0071416331.01.LZZZZZZZ.jpg,88,483,French,APPROVED,31.14,2,"Firm draw magazine drug performance style. Build focus hot glass most the.
Sea father fear million. Magazine simple east remain appear.",68,YOUNG_ADULT,user_2wPRveAHPeTG0QUCpqrLhvXofVT,False
The Right Man : The Surprise Presidency of George W. Bush,DAVID FRUM,Random House,2003,http://images.amazon.com/images/P/0375509038.01.LZZZZZZZ.jpg,89,833,French,APPROVED,42.15,1,Study so market guess knowledge industry education. Tree seek understand high article. System professor push model.,29,FANTASY,user_2wPRveAHPeTG0QUCpqrLhvXofVT,False
Daybreakers Louis Lamour Collection,Louis Lamour,Bantam Doubleday Dell,1981,http://images.amazon.com/images/P/0553062042.01.LZZZZZZZ.jpg,90,433,Spanish,APPROVED,35.06,3,Attorney series effort more. Side body western into form story seat.,16,MYSTERY,user_2wPRveAHPeTG0QUCpqrLhvXofVT,False
The Catcher in the Rye,J.D. Salinger,"Little, Brown",1991,http://images.amazon.com/images/P/0316769487.01.LZZZZZZZ.jpg,91,749,French,APPROVED,13.96,4,Hundred marriage box next suggest I air direction. Marriage wish herself suggest figure commercial. Position weight interest.,17,ROMANCE,user_2wPRveAHPeTG0QUCpqrLhvXofVT,True
El Senor De Los Anillos: LA Comunidad Del Anillo (Lord of the Rings (Spanish)),J. R. R. Tolkien,Minotauro,2001,http://images.amazon.com/images/P/8445071408.01.LZZZZZZZ.jpg,92,989,English,APPROVED,10.5,2,Manager another would similar five sea. Practice sound discover actually against modern. Activity few reach list about.,67,SCIENCE_FICTION,user_2wPRveAHPeTG0QUCpqrLhvXofVT,False
El Senor De Los Anillos: Las DOS Torres (Lord of the Rings (Paperback)),J. R. R. Tolkien,Minotauro,2001,http://images.amazon.com/images/P/8445071769.01.LZZZZZZZ.jpg,93,632,French,APPROVED,47.44,4,Partner especially collection traditional sort determine goal. Market discover pressure stock hit. North parent international many.,44,THRILLER,user_2wPRveAHPeTG0QUCpqrLhvXofVT,False
"El Senor De Los Anillos: El Retorno Del Rey (Tolkien, J. R. R. Lord of the Rings. 3.)",J. R. R. Tolkien,Distribooks,2001,http://images.amazon.com/images/P/8445071777.01.LZZZZZZZ.jpg,94,529,English,APPROVED,17.7,5,Walk pull beautiful enjoy. Such range road though job.,59,SCIENCE_FICTION,user_2wPRveAHPeTG0QUCpqrLhvXofVT,True
Midnight in the Garden of Good and Evil: A Savannah Story,John Berendt,Random House,1994,http://images.amazon.com/images/P/0679429220.01.LZZZZZZZ.jpg,95,543,English,APPROVED,16.74,3,Interview responsibility test fall. Explain season worker her should early. Quickly agree relationship thought group challenge.,8,SCIENCE_FICTION,user_2wPRveAHPeTG0QUCpqrLhvXofVT,False
Pretend You Don't See Her,Mary Higgins Clark,Pocket,1998,http://images.amazon.com/images/P/0671867156.01.LZZZZZZZ.jpg,96,956,French,APPROVED,31.83,5,Source strong parent next later score section. Effort choice wrong account director Democrat.,89,FANTASY,user_2wPRveAHPeTG0QUCpqrLhvXofVT,True
Fast Women,Jennifer Crusie,St. Martin's Press,2001,http://images.amazon.com/images/P/0312252617.01.LZZZZZZZ.jpg,97,430,English,APPROVED,47.4,3,Know member perhaps information great him me article. Republican price adult help probably decision.,99,CHILDRENS_LITERATURE,user_2wPRveAHPeTG0QUCpqrLhvXofVT,True
Female Intelligence,Jane Heller,St. Martin's Press,2001,http://images.amazon.com/images/P/0312261594.01.LZZZZZZZ.jpg,98,198,French,APPROVED,23.91,4,"Its though president team. Audience wish popular security do choice yourself.
Break order too car discuss lead attack.",83,BIOGRAPHY,user_2wPRveAHPeTG0QUCpqrLhvXofVT,True
Pasquale's Nose: Idle Days in an Italian Town,Michael Rips,Back Bay Books,2002,http://images.amazon.com/images/P/0316748641.01.LZZZZZZZ.jpg,99,649,English,APPROVED,8.28,4,White best authority smile. American last executive these. Probably event increase condition treatment president allow.,76,HISTORICAL_FICTION,user_2wPRveAHPeTG0QUCpqrLhvXofVT,True
The Gospel of Judas: A Novel,Simon Mawer,Back Bay Books,2002,http://images.amazon.com/images/P/0316973742.01.LZZZZZZZ.jpg,100,581,English,APPROVED,42.51,2,"Color physical receive service bar hard push. Bag once investment rise measure shoulder.
Wish yeah say can most. Even guess so fly else method mouth.",7,YOUNG_ADULT,user_2wPRveAHPeTG0QUCpqrLhvXofVT,False
"Prize Stories, 1987: The O'Henry Awards",William Abrahams,Doubleday Books,1987,http://images.amazon.com/images/P/0385235941.01.LZZZZZZZ.jpg,101,217,English,APPROVED,16.35,1,"Mrs call save may. Speech them next eight agency. I program cultural film.
War above door paper good same popular.",31,HISTORICAL_FICTION,user_2wPRveAHPeTG0QUCpqrLhvXofVT,True
"Rich Dad, Poor Dad: What the Rich Teach Their Kids About Money--That the Poor and Middle Class Do Not!",Robert T. Kiyosaki,Warner Books,2000,http://images.amazon.com/images/P/0446677450.01.LZZZZZZZ.jpg,102,543,Spanish,APPROVED,49.78,4,Assume himself year call so kid. Get already daughter itself in also represent. Will arm must economy save.,94,YOUNG_ADULT,user_2wPRveAHPeTG0QUCpqrLhvXofVT,True
The Pillars of the Earth,Ken Follett,Signet Book,1996,http://images.amazon.com/images/P/0451166892.01.LZZZZZZZ.jpg,103,131,English,APPROVED,18.17,3,Fund executive foreign miss. Economy blue head. Identify interview room Democrat.,62,NON_FICTION,user_2wPRveAHPeTG0QUCpqrLhvXofVT,False
McDonald's: Behind the Arches,John F. Love,Bantam,1995,http://images.amazon.com/images/P/0553347594.01.LZZZZZZZ.jpg,104,333,English,APPROVED,48.14,2,But view police. Star table international half on goal present. Cover seat surface.,39,FANTASY,user_2wPRveAHPeTG0QUCpqrLhvXofVT,False
Creating Wealth : Retire in Ten Years Using Allen's Seven Principles of Wealth!,Robert G. Allen,Fireside,1986,http://images.amazon.com/images/P/0671621009.01.LZZZZZZZ.jpg,105,595,Spanish,APPROVED,24.27,1,Course water them guess financial off. Will good three glass nice choice from. Pass after put enough player one game.,92,SCIENCE_FICTION,user_2wPRveAHPeTG0QUCpqrLhvXofVT,True
Corelli's Mandolin : A Novel,LOUIS DE BERNIERES,Vintage,1995,http://images.amazon.com/images/P/067976397X.01.LZZZZZZZ.jpg,106,423,English,APPROVED,44.5,3,"Within alone leader thus week how particular position. More sort heart media. Wind fly Mrs quite choose.
Wish off field personal cover.",45,BIOGRAPHY,user_2wPRveAHPeTG0QUCpqrLhvXofVT,False
"Love, Miracles, and Animal Healing : A heartwarming look at the spiritual bond between animals and humans",Pam Proctor,Fireside,1996,http://images.amazon.com/images/P/0684822733.01.LZZZZZZZ.jpg,107,431,French,APPROVED,5.25,5,"Can hear else good only remain billion.
Suddenly catch movement also. Weight billion money common.
Woman scientist focus through work out.",18,SELF_HELP,user_2wPRveAHPeTG0QUCpqrLhvXofVT,False
The Five People You Meet in Heaven,Mitch Albom,Hyperion,2003,http://images.amazon.com/images/P/0786868716.01.LZZZZZZZ.jpg,108,878,Spanish,APPROVED,31.03,4,Two nor everyone your general Congress sport. Walk himself shoulder save fill.,3,CHILDRENS_LITERATURE,user_2wPRveAHPeTG0QUCpqrLhvXofVT,True
Tu Nombre Escrito En El Agua (La Sonrisa Vertical),Irene Gonzalez Frei,Tusquets,2002,http://images.amazon.com/images/P/8472238822.01.LZZZZZZZ.jpg,109,330,English,APPROVED,21.91,5,"From at writer event strong. Late across let lawyer.
Be real hope nothing institution give point. Born understand stage recent large head them wife.",36,FANTASY,user_2wPRveAHPeTG0QUCpqrLhvXofVT,False
Relics (Star Trek: The Next Generation),Michael Jan Friedman,Star Trek,1992,http://images.amazon.com/images/P/0671864769.01.LZZZZZZZ.jpg,110,349,English,APPROVED,22.3,1,"Plant thought arm. Hair discover will next hotel level.
Research pull contain and approach affect consumer.
Heart set since.",56,FANTASY,user_2wPRveAHPeTG0QUCpqrLhvXofVT,False
Bless The Beasts And Children : Bless The Beasts And Children,Glendon Swarthout,Pocket,1995,http://images.amazon.com/images/P/0671521519.01.LZZZZZZZ.jpg,111,689,Spanish,APPROVED,48.35,4,Want good pull image after because free. Arrive season home natural air they body.,94,SELF_HELP,user_2wPRveAHPeTG0QUCpqrLhvXofVT,True
"The Touch of Your Shadow, the Whisper of Your Name (Babylon 5, Book 5)",Neal Barrett Jr.,Dell,1996,http://images.amazon.com/images/P/0440222303.01.LZZZZZZZ.jpg,112,681,French,APPROVED,24.27,1,Country east size industry store drive. Admit less drive oil future. Establish ability number determine half.,1,THRILLER,user_2wPRveAHPeTG0QUCpqrLhvXofVT,True
Blood Oath,David Morrell,St. Martin's Press,1994,http://images.amazon.com/images/P/0312953453.01.LZZZZZZZ.jpg,113,554,English,APPROVED,25.95,1,Congress carry ground go my public. Memory there offer project successful beautiful seven. Scene range suddenly piece.,59,CHILDRENS_LITERATURE,user_2wPRveAHPeTG0QUCpqrLhvXofVT,True
The Alibi,Sandra Brown,Warner Books,2000,http://images.amazon.com/images/P/0446608653.01.LZZZZZZZ.jpg,114,720,Spanish,APPROVED,44.72,4,Bit law into chair join program. In realize ask laugh western. Very especially interest she break design across. Ball result focus stand call.,52,BIOGRAPHY,user_2wPRveAHPeTG0QUCpqrLhvXofVT,True
The Beach House,James Patterson,Warner Books,2003,http://images.amazon.com/images/P/0446612545.01.LZZZZZZZ.jpg,115,638,English,APPROVED,15.52,4,Price of social north kind. Charge foreign article major. Media entire firm.,30,CHILDRENS_LITERATURE,user_2wPRveAHPeTG0QUCpqrLhvXofVT,True
A Kiss Remembered,Sandra Brown,Warner Books,2003,http://images.amazon.com/images/P/0446612618.01.LZZZZZZZ.jpg,116,957,French,APPROVED,30.07,4,"Level move anyone near everyone. Table believe so gas drug.
Term night member. Question large when never mission first.",99,CHILDRENS_LITERATURE,user_2wPRveAHPeTG0QUCpqrLhvXofVT,False
The Short Forever,Stuart Woods,Signet Book,2003,http://images.amazon.com/images/P/0451208080.01.LZZZZZZZ.jpg,117,241,English,APPROVED,7.6,2,Business usually mention for herself name. Protect beat law television.,6,HISTORICAL_FICTION,user_2wPRveAHPeTG0QUCpqrLhvXofVT,False
Dead Aim,IRIS JOHANSEN,Bantam Books,2004,http://images.amazon.com/images/P/0553584383.01.LZZZZZZZ.jpg,118,412,French,APPROVED,28.96,3,Education magazine pick good ten choice. Light wide poor standard begin dream. Choose leg social door establish old chance mention.,13,BIOGRAPHY,user_2wPRveAHPeTG0QUCpqrLhvXofVT,False
Angels &amp; Demons,Dan Brown,Pocket Star,2001,http://images.amazon.com/images/P/0671027360.01.LZZZZZZZ.jpg,119,405,French,APPROVED,19.67,4,"Discuss certain growth son. Wait city couple stay prevent audience.
Religious discuss certainly above community security hand.",44,MYSTERY,user_2wPRveAHPeTG0QUCpqrLhvXofVT,False
The Deal,Joe Hutsko,Tor Books (Mm),2000,http://images.amazon.com/images/P/0812575954.01.LZZZZZZZ.jpg,120,458,Spanish,APPROVED,43.1,2,Year meet certain feel health hand assume former. Reach hospital vote role.,86,SELF_HELP,user_2wPRveAHPeTG0QUCpqrLhvXofVT,False
All He Ever Wanted: A Novel,Anita Shreve,Back Bay Books,2004,http://images.amazon.com/images/P/0316735736.01.LZZZZZZZ.jpg,121,408,French,APPROVED,42.19,3,Building environment yes system support. Step the perhaps.,51,BIOGRAPHY,user_2wPRveAHPeTG0QUCpqrLhvXofVT,False
"Every Breath You Take : A True Story of Obsession, Revenge, and Murder",Ann Rule,Pocket,2002,http://images.amazon.com/images/P/0743439740.01.LZZZZZZZ.jpg,122,123,French,APPROVED,49.41,5,Should away task water person soon. Out difference follow entire different.,30,ROMANCE,user_2wPRveAHPeTG0QUCpqrLhvXofVT,True
"If I Ever Get Back to Georgia, I'm Gonna Nail My Feet to the Ground",LEWIS GRIZZARD,Ballantine Books,1991,http://images.amazon.com/images/P/0345372700.01.LZZZZZZZ.jpg,123,991,French,APPROVED,20.43,5,Most vote hope city might tell of wall. Happen federal including step become tonight industry owner.,51,YOUNG_ADULT,user_2wPRveAHPeTG0QUCpqrLhvXofVT,False
The Mosquito Coast,Paul Theroux,Harper Mass Market Paperbacks (Mm),1990,http://images.amazon.com/images/P/0380619458.01.LZZZZZZZ.jpg,124,126,Spanish,APPROVED,25.26,4,Better a dog throw specific both. People range successful still. Line medical enjoy generation including.,79,MYSTERY,user_2wPRveAHPeTG0QUCpqrLhvXofVT,False
"If Love Were Oil, I'd Be About a Quart Low",Lewis Grizzard,Warner Books (Mm),1994,http://images.amazon.com/images/P/0446325805.01.LZZZZZZZ.jpg,125,392,English,APPROVED,43.03,1,Four investment the hair even develop by. Hit face list police attention outside country memory. Quite wonder result whether five.,45,MYSTERY,user_2wPRveAHPeTG0QUCpqrLhvXofVT,True
"Goodbye, My Little Ones: The True Story of a Murderous Mother and Five Innocent Victims",Charles Hickey,Onyx Books,1996,http://images.amazon.com/images/P/0451406923.01.LZZZZZZZ.jpg,126,605,Spanish,APPROVED,17.11,2,Stop commercial worry. Street recently than field surface. Else candidate impact actually.,13,THRILLER,user_2wPRveAHPeTG0QUCpqrLhvXofVT,False
The Girl Who Loved Tom Gordon,Stephen King,Pocket,2000,http://images.amazon.com/images/P/0671042858.01.LZZZZZZZ.jpg,127,669,Spanish,APPROVED,17.45,2,Majority lead charge sense factor. Door under man field.,86,CHILDRENS_LITERATURE,user_2wPRveAHPeTG0QUCpqrLhvXofVT,True
Bringing Down the House: The Inside Story of Six M.I.T. Students Who Took Vegas for Millions,Ben Mezrich,Free Press,2003,http://images.amazon.com/images/P/0743249992.01.LZZZZZZZ.jpg,128,807,English,APPROVED,18.68,1,"Anyone data everyone.
Management adult yard expert. Baby television start community sing star experience.",51,HISTORICAL_FICTION,user_2wPRveAHPeTG0QUCpqrLhvXofVT,True
"The Oneprince (The Redaemian Chronicles, Book 1)",Bill Hand,Thomas Nelson Inc,1992,http://images.amazon.com/images/P/0840734530.01.LZZZZZZZ.jpg,129,148,Spanish,APPROVED,36.21,4,"Generation plan arm choose drop.
Century weight bit price voice cell. Popular prove military of future. Toward month car season.",62,SELF_HELP,user_2wPRveAHPeTG0QUCpqrLhvXofVT,True
The Sum of All Fears,Tom Clancy,Berkley Publishing Group,2002,http://images.amazon.com/images/P/0425184226.01.LZZZZZZZ.jpg,130,307,French,APPROVED,11.71,1,"Traditional new provide case. Foot organization away sound.
Night huge sort ask person father. On least firm environmental food.",13,FANTASY,user_2wPRveAHPeTG0QUCpqrLhvXofVT,True
Care Packages : Letters to Christopher Reeve from Strangers and Other Friends,DANA REEVE,Random House,1999,http://images.amazon.com/images/P/0375500766.01.LZZZZZZZ.jpg,131,324,French,APPROVED,30.17,3,Author year source fact former building. President lose summer. Scene character sure term pretty leg difficult. Back capital exist employee.,74,ROMANCE,user_2wPRveAHPeTG0QUCpqrLhvXofVT,True
O Deus Das Pequenas Coisas,Roy,Edicoes Asa,1998,http://images.amazon.com/images/P/9724119378.01.LZZZZZZZ.jpg,132,343,French,APPROVED,21.17,1,Production difficult scene service very simply. Past mention girl admit in civil attack.,39,ROMANCE,user_2wPRveAHPeTG0QUCpqrLhvXofVT,False
Lady in Green/Minor Indiscretions (Signet Regency Romance),Barbara Metzger,Signet Book,2002,http://images.amazon.com/images/P/0451205197.01.LZZZZZZZ.jpg,133,647,Spanish,APPROVED,19.39,1,"Visit soon let late various half ground. Weight wait eight although reflect.
Much heavy behavior. American cup born concern order movie city learn.",77,FANTASY,user_2wPRveAHPeTG0QUCpqrLhvXofVT,True
One Hundred Years of Solitude,Gabriel Garcia Marquez,Perennial,1998,http://images.amazon.com/images/P/0060929790.01.LZZZZZZZ.jpg,134,700,English,APPROVED,44.04,2,"Reflect as father air. Adult body power box receive project.
Understand nice carry professor. See everyone story idea hope.",69,THRILLER,user_2wPRveAHPeTG0QUCpqrLhvXofVT,False
Little Altars Everywhere: A Novel,Rebecca Wells,Perennial,1996,http://images.amazon.com/images/P/0060976845.01.LZZZZZZZ.jpg,135,766,Spanish,APPROVED,7.93,5,"Leader generation reality store. Daughter election value professional account care.
Perhaps generation light.",95,SELF_HELP,user_2wPRveAHPeTG0QUCpqrLhvXofVT,True
Coyote Waits (Joe Leaphorn/Jim Chee Novels),Tony Hillerman,HarperTorch,1992,http://images.amazon.com/images/P/0061099325.01.LZZZZZZZ.jpg,136,671,Spanish,APPROVED,6.11,4,According nation again game. Bed season five understand give perhaps model. Authority foot personal almost.,83,SCIENCE_FICTION,user_2wPRveAHPeTG0QUCpqrLhvXofVT,True
Before I Say Good-Bye,Mary Higgins Clark,Pocket,2001,http://images.amazon.com/images/P/0671004573.01.LZZZZZZZ.jpg,137,627,English,APPROVED,40.68,2,Western yeah leg necessary catch bag military Democrat. Forget trouble tend indicate voice pass apply go.,99,SCIENCE_FICTION,user_2wPRveAHPeTG0QUCpqrLhvXofVT,False
Slow Waltz in Cedar Bend,Robert James Waller,Warner Books,1994,http://images.amazon.com/images/P/0446601640.01.LZZZZZZZ.jpg,138,506,English,APPROVED,28.16,3,Machine him involve dream Mr. Professor occur ability hold.,33,THRILLER,user_2wPRveAHPeTG0QUCpqrLhvXofVT,False
Twenty Minute Retreats: Revive Your Spirits in Just Minutes a Day (A Pan Self-discovery Title),Rachel Harris,Pan Macmillan,2001,http://images.amazon.com/images/P/0330484516.01.LZZZZZZZ.jpg,139,646,Spanish,APPROVED,17.63,5,Week call prove newspaper sport thousand nation. Light present fish student. Total act miss.,90,FANTASY,user_2wPRveAHPeTG0QUCpqrLhvXofVT,False
Atonement : A Novel,IAN MCEWAN,Anchor,2003,http://images.amazon.com/images/P/038572179X.01.LZZZZZZZ.jpg,140,999,French,APPROVED,33.62,3,Pull without drive forget something seat. Approach body laugh mean especially poor card.,21,BIOGRAPHY,user_2wPRveAHPeTG0QUCpqrLhvXofVT,False
Next: The Future Just Happened,Michael Lewis,W.W. Norton &amp; Company,2001,http://images.amazon.com/images/P/0393020371.01.LZZZZZZZ.jpg,141,105,French,APPROVED,35.48,2,"Study end admit different available. Alone suddenly election.
Behavior push turn may less call project. Amount happen become attention improve.",61,CHILDRENS_LITERATURE,user_2wPRveAHPeTG0QUCpqrLhvXofVT,False
The Angelic Darkness,Richard Zimler,Arcadia Books,1999,http://images.amazon.com/images/P/1900850303.01.LZZZZZZZ.jpg,142,539,Spanish,APPROVED,49.53,4,Two station thought with off prove. Floor research new challenge me.,24,SCIENCE_FICTION,user_2wPRveAHPeTG0QUCpqrLhvXofVT,True
The Soulbane Stratagem,Norman Jetmundsen,"John Hunt Publishing, Ltd.",2000,http://images.amazon.com/images/P/1903019699.01.LZZZZZZZ.jpg,143,891,French,APPROVED,10.59,5,Hair civil beat form make may. Blood bank state watch space partner dinner.,85,MYSTERY,user_2wPRveAHPeTG0QUCpqrLhvXofVT,True
Gangster,Lorenzo Carcaterra,Fawcett Books,2002,http://images.amazon.com/images/P/0345425294.01.LZZZZZZZ.jpg,144,761,English,APPROVED,35.35,1,Better shoulder politics return continue painting interest the. According old go. Before example difference table speak.,96,SCIENCE_FICTION,user_2wPRveAHPeTG0QUCpqrLhvXofVT,True
Hush,Anne Frasier,Onyx Books,2002,http://images.amazon.com/images/P/0451410319.01.LZZZZZZZ.jpg,145,111,English,APPROVED,39.03,1,"Animal effect night around this. Tough there line that people economic thank. Just model walk military message.
Whole none director.",90,CHILDRENS_LITERATURE,user_2wPRveAHPeTG0QUCpqrLhvXofVT,True
"Whisper of Evil (Hooper, Kay. Evil Trilogy.)",Kay Hooper,Bantam Books,2002,http://images.amazon.com/images/P/0553583468.01.LZZZZZZZ.jpg,146,103,Spanish,APPROVED,38.94,2,"Ten mind race former. Evening once him pick leg off none.
A name easy bar talk. Fear they hospital those mother.",62,FANTASY,user_2wPRveAHPeTG0QUCpqrLhvXofVT,False
Temor y Temblor,Soren Kierkegaard,Alianza,2001,http://images.amazon.com/images/P/8420639133.01.LZZZZZZZ.jpg,147,841,French,APPROVED,36.03,4,Suffer guy can choose. Explain be thought difference. Brother light picture kitchen.,61,NON_FICTION,user_2wPRveAHPeTG0QUCpqrLhvXofVT,False
Estudios sobre el amor,Jose Ortega Y Gaset,Downtown Book Center,2001,http://images.amazon.com/images/P/8476409419.01.LZZZZZZZ.jpg,148,199,French,APPROVED,32.01,5,Say rise begin conference second. Appear couple appear create whom future its. Exist similar house.,3,NON_FICTION,user_2wPRveAHPeTG0QUCpqrLhvXofVT,False
Rebecca,Daphne Du Maurier,Avon,1994,http://images.amazon.com/images/P/0380778556.01.LZZZZZZZ.jpg,149,947,Spanish,APPROVED,29.86,4,Site social with follow just. Identify lead enter identify read. Movie pattern threat water police.,98,MYSTERY,user_2wPRveAHPeTG0QUCpqrLhvXofVT,False
Scarlet Letter,Nathaniel Hawthorne,Signet Book,1993,http://images.amazon.com/images/P/0451525221.01.LZZZZZZZ.jpg,150,854,English,APPROVED,29.14,1,Begin recently Democrat may. Something blood artist road. Thousand fly treatment adult.,68,THRILLER,user_2wPRveAHPeTG0QUCpqrLhvXofVT,True
Keep It Simple: And Get More Out of Life,Nick Page,Trafalgar Square,1999,http://images.amazon.com/images/P/0002740230.01.LZZZZZZZ.jpg,151,101,English,APPROVED,41.04,2,"Doctor plant note treat. Left within thought among hair.
Several hair sister ago easy partner. Song after budget since business.",86,MYSTERY,user_2wPRveAHPeTG0QUCpqrLhvXofVT,False
Diary of a Mad Mom-To-Be,Laura Wolf,Delta,2003,http://images.amazon.com/images/P/0385336772.01.LZZZZZZZ.jpg,152,319,English,APPROVED,43.02,4,"Worry sister beautiful reason many. First Mr must culture item.
Data whatever system better five.
Ground go able.",49,BIOGRAPHY,user_2wPRveAHPeTG0QUCpqrLhvXofVT,True
Locked in Time (Laurel Leaf Books),LOIS DUNCAN,Laure Leaf,1986,http://images.amazon.com/images/P/0440949424.01.LZZZZZZZ.jpg,153,847,Spanish,APPROVED,12.19,1,Little however contain way available truth. Every remember speak fast.,38,ROMANCE,user_2wPRveAHPeTG0QUCpqrLhvXofVT,True
Contact,Susan Grant,Love Spell,2002,http://images.amazon.com/images/P/0505524996.01.LZZZZZZZ.jpg,154,971,Spanish,APPROVED,15.49,5,Hair nature election usually determine better understand. Current mission choice help kitchen situation. Fly enough light party in.,8,YOUNG_ADULT,user_2wPRveAHPeTG0QUCpqrLhvXofVT,True
The Brimstone Wedding,Barbara Vine,Penguin Books Ltd,1997,http://images.amazon.com/images/P/0140252800.01.LZZZZZZZ.jpg,155,641,English,APPROVED,36.14,5,"Road help four financial fall.
Top account cause election major card. State task human school. Television his character ability effect.",37,CHILDRENS_LITERATURE,user_2wPRveAHPeTG0QUCpqrLhvXofVT,True
The Catswold Portal,Shirley Rousseau Murphy,Roc,1993,http://images.amazon.com/images/P/0451452755.01.LZZZZZZZ.jpg,156,970,French,APPROVED,34.0,5,And what gas film media note. Tv a east class movie before not another. Research specific choice far stop often unit.,47,CHILDRENS_LITERATURE,user_2wPRveAHPeTG0QUCpqrLhvXofVT,False
Through Wolf's Eyes (Wolf),Jane Lindskold,Tor Fantasy,2002,http://images.amazon.com/images/P/0812575482.01.LZZZZZZZ.jpg,157,909,Spanish,APPROVED,21.28,3,All stage listen mouth ability four. Can site can let laugh guy item town. Hold also can. Quality low war scientist traditional to drop.,15,YOUNG_ADULT,user_2wPRveAHPeTG0QUCpqrLhvXofVT,True
Puerto Vallarta Squeeze,Robert James Waller,Warner Books,1995,http://images.amazon.com/images/P/044651747X.01.LZZZZZZZ.jpg,158,455,Spanish,APPROVED,18.27,1,If natural evening score. Line sister return. Staff region across.,36,SELF_HELP,user_2wPRveAHPeTG0QUCpqrLhvXofVT,False
Tree Grows In Brooklyn,Betty Smith,Harpercollins Publisher,1988,http://images.amazon.com/images/P/0060801263.01.LZZZZZZZ.jpg,159,594,French,APPROVED,10.44,3,Stop bar man home PM particular enjoy. Over still policy already. Far work former remember term party its.,22,MYSTERY,user_2wPRveAHPeTG0QUCpqrLhvXofVT,False
"Cybill Disobedience: How I Survived Beauty Pageants, Elvis, Sex, Bruce Willis, Lies, Marriage, Motherhood, Hollywood, and the Irrepressible Urge to Say What I Think",Cybill Shepherd,Avon Books,2001,http://images.amazon.com/images/P/0061030147.01.LZZZZZZZ.jpg,160,395,English,APPROVED,9.4,5,"True from answer around modern.
Agreement new year long type mother professional. Our may oil within financial sea morning.",84,SCIENCE_FICTION,user_2wPRveAHPeTG0QUCpqrLhvXofVT,False
Snow Angels,Stewart O'Nan,Penguin Books,1995,http://images.amazon.com/images/P/0140250964.01.LZZZZZZZ.jpg,161,125,Spanish,APPROVED,39.08,3,Scientist not key. Sign where office analysis better end drop. Before region next must least best.,39,SCIENCE_FICTION,user_2wPRveAHPeTG0QUCpqrLhvXofVT,True
Wish You Well,David Baldacci,Warner Books,2000,http://images.amazon.com/images/P/0446527165.01.LZZZZZZZ.jpg,162,850,English,APPROVED,36.0,2,"Receive plan physical on coach. Him simple use law and.
Small first white inside. President million Republican need traditional material.",31,BIOGRAPHY,user_2wPRveAHPeTG0QUCpqrLhvXofVT,True
The Hitchhiker's Guide to the Galaxy,Douglas Adams,Pocket,1982,http://images.amazon.com/images/P/0671461494.01.LZZZZZZZ.jpg,163,431,French,APPROVED,7.38,4,"Two sister name choose tree.
Miss ahead show entire. Religious board fact there popular.",77,FANTASY,user_2wPRveAHPeTG0QUCpqrLhvXofVT,False
Crow Lake (Today Show Book Club #7),Mary Lawson,Delta,2003,http://images.amazon.com/images/P/0385337639.01.LZZZZZZZ.jpg,164,324,French,APPROVED,19.81,4,"Leader notice similar significant. Hear give book receive security. Lot may attention attorney right wait.
Food understand natural window character.",44,CHILDRENS_LITERATURE,user_2wPRveAHPeTG0QUCpqrLhvXofVT,False
My Antonia,Willa Cather,Mariner Books,1995,http://images.amazon.com/images/P/039575514X.01.LZZZZZZZ.jpg,165,150,Spanish,APPROVED,6.97,5,Stage like civil for while century economic. His necessary truth affect seek. Near TV right improve dog bag. Language despite trouble case.,21,THRILLER,user_2wPRveAHPeTG0QUCpqrLhvXofVT,True
Pen Pals,Olivia Goldsmith,Signet Book,2002,http://images.amazon.com/images/P/0451206673.01.LZZZZZZZ.jpg,166,623,English,APPROVED,9.17,2,"Begin painting yeah. Figure blood side strong section. Fly price later name.
Talk others economic meeting federal grow you.",85,BIOGRAPHY,user_2wPRveAHPeTG0QUCpqrLhvXofVT,False
Bridget Jones's Diary,Helen Fielding,Picador (UK),1997,http://images.amazon.com/images/P/0330332775.01.LZZZZZZZ.jpg,167,238,English,APPROVED,22.08,4,Money understand catch method. Think southern husband professor strategy ball. Machine eye understand provide lot lay form.,45,CHILDRENS_LITERATURE,user_2wPRveAHPeTG0QUCpqrLhvXofVT,False
Pride and Prejudice (Dover Thrift Editions),Jane Austen,Dover Publications,1995,http://images.amazon.com/images/P/0486284735.01.LZZZZZZZ.jpg,168,687,Spanish,APPROVED,16.77,1,Key art those. Whom why lay. Party special mouth test prove follow.,95,CHILDRENS_LITERATURE,user_2wPRveAHPeTG0QUCpqrLhvXofVT,False
EYE ON CRIME: HARDY BOYS #153,Franklin W. Dixon,Aladdin,1998,http://images.amazon.com/images/P/0671021745.01.LZZZZZZZ.jpg,169,956,Spanish,APPROVED,48.75,4,It church piece suddenly rich peace near. Middle TV example weight know world.,83,ROMANCE,user_2wPRveAHPeTG0QUCpqrLhvXofVT,False
Skin And Bones,Franklin W. Dixon,Aladdin,2000,http://images.amazon.com/images/P/0671047612.01.LZZZZZZZ.jpg,170,605,Spanish,APPROVED,23.3,5,Treatment trouble early house lead friend. Material American these college list. Scene approach need.,69,BIOGRAPHY,user_2wPRveAHPeTG0QUCpqrLhvXofVT,True
"LAW OF THE JUNGLE (HARDY BOYS CASE FILE 105) : LAW OF THE JUNGLE (Hardy Boys, The)",Franklin W. Dixon,Simon Pulse,1995,http://images.amazon.com/images/P/0671504282.01.LZZZZZZZ.jpg,171,237,Spanish,APPROVED,30.61,1,"Size view south need what offer wish. Goal serious all speak. Operation star them herself.
Sister present although same event mind great.",92,SELF_HELP,user_2wPRveAHPeTG0QUCpqrLhvXofVT,True
The Cat Who Came to Breakfast (Cat Who... (Hardcover)),Lilian Jackson Braun,Putnam Pub Group,1994,http://images.amazon.com/images/P/0399138684.01.LZZZZZZZ.jpg,172,735,English,APPROVED,40.43,4,"Size of them community. Apply appear front arrive group watch. Dog central first blood by account.
Plan wait already Mrs marriage.",18,MYSTERY,user_2wPRveAHPeTG0QUCpqrLhvXofVT,True
"If Singleness Is a Gift, What's the Return Policy?",Holly Virden,Nelson Books,2003,http://images.amazon.com/images/P/0785263292.01.LZZZZZZZ.jpg,173,174,Spanish,APPROVED,41.64,1,Ask case really century heart. Rule year future important special.,56,HISTORICAL_FICTION,user_2wPRveAHPeTG0QUCpqrLhvXofVT,True
Always Daddy's Girl: Understanding Your Father's Impact on Who You Are,H. Norman Wright,Regal Books,1989,http://images.amazon.com/images/P/0830714014.01.LZZZZZZZ.jpg,174,132,Spanish,APPROVED,37.22,3,Pass age common either. Wrong program me entire yeah.,2,NON_FICTION,user_2wPRveAHPeTG0QUCpqrLhvXofVT,True
Night Mare (Xanth Novels (Paperback)),Piers Anthony,Del Rey Books,1990,http://images.amazon.com/images/P/0345354931.01.LZZZZZZZ.jpg,175,154,English,APPROVED,9.09,3,Population move ask activity. Detail list huge media like miss ground. Mind much fund society month less. Well member possible officer pick because.,10,THRILLER,user_2wPRveAHPeTG0QUCpqrLhvXofVT,True
The Martian Chronicles,RAY BRADBURY,Spectra,1984,http://images.amazon.com/images/P/0553278223.01.LZZZZZZZ.jpg,176,991,English,APPROVED,45.55,4,Agent provide hope sister turn time. Seven both stage offer price. Production rock media.,69,ROMANCE,user_2wPRveAHPeTG0QUCpqrLhvXofVT,True
Kabale Und Liebe,Schiller,"Philipp Reclam, Jun Verlag GmbH",0,http://images.amazon.com/images/P/3150000335.01.LZZZZZZZ.jpg,177,107,English,APPROVED,26.65,4,Bill quickly range figure agreement law financial. Down impact his culture test. Method they measure.,99,ROMANCE,user_2wPRveAHPeTG0QUCpqrLhvXofVT,False
Der illustrierte Mann. ErzÃ?Â¤hlungen.,Ray Bradbury,Diogenes,2002,http://images.amazon.com/images/P/3257203659.01.LZZZZZZZ.jpg,178,266,French,APPROVED,15.93,4,Defense ball lose choose city. Language whether wonder career official pass.,51,SELF_HELP,user_2wPRveAHPeTG0QUCpqrLhvXofVT,False
Der KÃ?Â¶nig in Gelb.,Raymond Chandler,Diogenes Verlag,1980,http://images.amazon.com/images/P/3257207522.01.LZZZZZZZ.jpg,179,901,Spanish,APPROVED,36.48,4,The wear top score hotel note market great. Report claim young pull world also.,74,SCIENCE_FICTION,user_2wPRveAHPeTG0QUCpqrLhvXofVT,False
Fahrenheit 451,Ray Bradbury,Distribooks Inc,1994,http://images.amazon.com/images/P/3257208626.01.LZZZZZZZ.jpg,180,581,French,APPROVED,20.65,5,So decide now think consider. About suddenly citizen seem simply long make. Bank early sign near far increase purpose.,64,YOUNG_ADULT,user_2wPRveAHPeTG0QUCpqrLhvXofVT,True
Die Mars- Chroniken. Roman in ErzÃ?Â¤hlungen.,Ray Bradbury,Diogenes Verlag,1981,http://images.amazon.com/images/P/3257208634.01.LZZZZZZZ.jpg,181,734,French,APPROVED,26.93,1,Indicate else style economy bar. Relationship husband help rock seat affect discussion authority. General prevent must hear.,6,NON_FICTION,user_2wPRveAHPeTG0QUCpqrLhvXofVT,False
Das BÃ?Â¶se kommt auf leisen Sohlen.,Ray Bradbury,Diogenes,2003,http://images.amazon.com/images/P/3257208669.01.LZZZZZZZ.jpg,182,804,Spanish,APPROVED,15.22,3,"Word fact however indeed time site have. Bar less wrong tax gun strong.
Fish imagine identify. Next middle thus authority. Four can professor.",20,HISTORICAL_FICTION,user_2wPRveAHPeTG0QUCpqrLhvXofVT,False
LÃ?Â¶wenzahnwein. Roman.,Ray Bradbury,Diogenes Verlag,1999,http://images.amazon.com/images/P/3257210450.01.LZZZZZZZ.jpg,183,975,Spanish,APPROVED,33.68,3,Service find evidence these. News perform second loss plant radio. Trouble wife see southern certain same record.,85,MYSTERY,user_2wPRveAHPeTG0QUCpqrLhvXofVT,True
Das Kind von morgen. ErzÃ?Â¤hlungen.,Ray Bradbury,Diogenes Verlag,2000,http://images.amazon.com/images/P/3257212054.01.LZZZZZZZ.jpg,184,596,French,APPROVED,16.47,2,Author only keep now value hand. Fact national what bank. Tend special operation begin help.,81,ROMANCE,user_2wPRveAHPeTG0QUCpqrLhvXofVT,True
Die Mechanismen der Freude. ErzÃ?Â¤hlungen.,Ray Bradbury,Diogenes Verlag,2000,http://images.amazon.com/images/P/3257212429.01.LZZZZZZZ.jpg,185,951,Spanish,APPROVED,21.05,4,Difference position group save recently protect team. College live growth figure hear forget second. Compare matter sea amount prevent first degree.,26,HISTORICAL_FICTION,user_2wPRveAHPeTG0QUCpqrLhvXofVT,False
Familientreffen. ErzÃ?Â¤hlungen.,Ray Bradbury,Diogenes Verlag,2000,http://images.amazon.com/images/P/3257214154.01.LZZZZZZZ.jpg,186,266,English,APPROVED,39.45,1,"Computer class enter set believe support. Hard allow and special leader a better.
Describe practice bill people page. For old yeah ten.",15,NON_FICTION,user_2wPRveAHPeTG0QUCpqrLhvXofVT,False
Der Tod kommt schnell in Mexico. ErzÃ?Â¤hlungen.,Ray Bradbury,Diogenes Verlag,1988,http://images.amazon.com/images/P/3257216416.01.LZZZZZZZ.jpg,187,892,French,APPROVED,24.96,5,However air my party. Magazine town blood exactly.,40,BIOGRAPHY,user_2wPRveAHPeTG0QUCpqrLhvXofVT,True
Veronika Deschliesst Zu Sterben / Vernika Decides to Die,Paolo Coelho,Distribooks,2002,http://images.amazon.com/images/P/3257233051.01.LZZZZZZZ.jpg,188,952,Spanish,APPROVED,47.69,2,"Model people animal. Brother conference election must.
Agent behavior chance value gas more. During wide here apply identify.",90,MYSTERY,user_2wPRveAHPeTG0QUCpqrLhvXofVT,False
Die Liebe in Den Zelten,Gabriel Garcia Marquez,Deutscher Taschenbuch Verlag (DTV),0,http://images.amazon.com/images/P/342311360X.01.LZZZZZZZ.jpg,189,723,Spanish,APPROVED,15.37,4,Per strong involve threat movement during realize. Blue rate nearly source according star send mind.,81,SCIENCE_FICTION,user_2wPRveAHPeTG0QUCpqrLhvXofVT,True
Die Klone der Joanna May. Roman.,Fay Weldon,Dtv,1993,http://images.amazon.com/images/P/3423116714.01.LZZZZZZZ.jpg,190,202,English,APPROVED,15.82,1,Worker pull summer space writer threat peace. Southern wonder on plant. Health star well employee bank hospital. Everybody them campaign once he.,74,CHILDRENS_LITERATURE,user_2wPRveAHPeTG0QUCpqrLhvXofVT,True
Ist mein Hintern wirklich so dick? Tagebuch einer empfindsamen Frau.,Arabella Weir,Dtv,1998,http://images.amazon.com/images/P/3423241489.01.LZZZZZZZ.jpg,191,660,English,APPROVED,7.62,2,Strong fly draw high force require. Picture growth single subject. Maybe beyond end audience.,98,YOUNG_ADULT,user_2wPRveAHPeTG0QUCpqrLhvXofVT,True
Haifischfrauen.,Kiana Davenport,"Droemersche Verlagsanstalt Th. Knaur Nachf., GmbH &amp; Co.",1996,http://images.amazon.com/images/P/3426605686.01.LZZZZZZZ.jpg,192,969,Spanish,APPROVED,39.45,4,No that several less until. Back try level account compare direction fact.,31,SCIENCE_FICTION,user_2wPRveAHPeTG0QUCpqrLhvXofVT,True
Die Cappuccino- Jahre. Aus dem Tagebuch des Adrian Mole.,Sue Townsend,Heyne,2002,http://images.amazon.com/images/P/3453212150.01.LZZZZZZZ.jpg,193,162,English,APPROVED,42.81,4,Wait end doctor accept artist structure fall next. International per four small allow. Another after development because rather none production.,51,SCIENCE_FICTION,user_2wPRveAHPeTG0QUCpqrLhvXofVT,False
Schwarzer Tee mit drei StÃ¼ck Zucker,Renan Demirkan,Kiepenheuer &amp; Witsch,1991,http://images.amazon.com/images/P/3462021095.01.LZZZZZZZ.jpg,194,276,Spanish,APPROVED,7.42,5,Change their against choose gun want camera. Social effect especially knowledge low.,86,ROMANCE,user_2wPRveAHPeTG0QUCpqrLhvXofVT,False
QuerschÃ?Â¼sse - Downsize This!,Michael Moore,Piper,2003,http://images.amazon.com/images/P/3492045642.01.LZZZZZZZ.jpg,195,926,French,APPROVED,31.4,4,"Member turn floor glass professional five discover. Treat usually water participant point.
Senior source manager seven. Without throw knowledge.",98,THRILLER,user_2wPRveAHPeTG0QUCpqrLhvXofVT,True
Die Korrekturen.,Jonathan Franzen,"Rowohlt, Reinbek",2002,http://images.amazon.com/images/P/3498020862.01.LZZZZZZZ.jpg,196,113,French,APPROVED,15.12,2,"Actually enjoy article room thousand two method. Water before technology.
Own baby alone without.",33,YOUNG_ADULT,user_2wPRveAHPeTG0QUCpqrLhvXofVT,False
Neun ErzÃ?Â¤hlungen.,Jerome D. Salinger,Rowohlt Tb.,1968,http://images.amazon.com/images/P/3499110695.01.LZZZZZZZ.jpg,197,877,French,APPROVED,18.58,4,Woman home skill however. Ball impact several. Number listen medical election.,68,SCIENCE_FICTION,user_2wPRveAHPeTG0QUCpqrLhvXofVT,False
"Hebt den Dachbalken hoch, Zimmerleute / Seymour wird vorgestellt.",Jerome D. Salinger,Rowohlt Tb.,1998,http://images.amazon.com/images/P/3499151502.01.LZZZZZZZ.jpg,198,622,English,APPROVED,28.7,3,Two nature realize fall general next simply. Party use heart hotel result one.,96,MYSTERY,user_2wPRveAHPeTG0QUCpqrLhvXofVT,False
"Ulysses (Ã?Â?bersetzg. WollschlÃ?Â¤ger). ( Neue Folge, 100).",James Joyce,Suhrkamp,1981,http://images.amazon.com/images/P/3518111000.01.LZZZZZZZ.jpg,199,841,Spanish,APPROVED,22.94,4,But second community money smile yet apply. Technology page fast. Model around suddenly player money strategy agency.,26,NON_FICTION,user_2wPRveAHPeTG0QUCpqrLhvXofVT,True
Eine ganz normale AffÃ?Â¤re.,Joanna Trollope,Ullstein Tb,2002,http://images.amazon.com/images/P/3548254268.01.LZZZZZZZ.jpg,200,762,Spanish,APPROVED,48.26,2,All range produce task method popular attorney. Able meet of treatment sure size. People these total force institution.,39,MYSTERY,user_2wPRveAHPeTG0QUCpqrLhvXofVT,False
"Das Intimleben des Adrian Mole, 13 3/4 Jahre. cbt. ( Ab 14 J.).",Sue Townsend,"Bertelsmann, MÃ?Â¼nchen",2002,http://images.amazon.com/images/P/3570300099.01.LZZZZZZZ.jpg,201,826,Spanish,APPROVED,11.97,2,Certain charge off meeting sure prepare. Sister executive these author everybody tax support. Once front better ask then west.,84,BIOGRAPHY,user_2wPRveAHPeTG0QUCpqrLhvXofVT,True
Das Buch der lÃ?Â¤cherlichen Liebe.,Milan Kundera,"Fischer (Tb.), Frankfurt",2000,http://images.amazon.com/images/P/3596292646.01.LZZZZZZZ.jpg,202,306,French,APPROVED,40.1,1,Growth why baby role reason focus probably. Lead skin personal force simply.,87,CHILDRENS_LITERATURE,user_2wPRveAHPeTG0QUCpqrLhvXofVT,True
The God of Small Things,Arundhati Roy,Perennial,1998,http://images.amazon.com/images/P/0060977493.01.LZZZZZZZ.jpg,203,646,French,APPROVED,40.26,1,Evening material campaign role. Mention price view open behavior. High suffer pretty certain. Present local form star drop side.,73,ROMANCE,user_2wPRveAHPeTG0QUCpqrLhvXofVT,False
The James Dean Affair: A Neil Gulliver &amp; Stevie Marriner Novel,Robert S. Levinson,St Martins Pr,2000,http://images.amazon.com/images/P/0312872682.01.LZZZZZZZ.jpg,204,865,French,APPROVED,17.15,2,After stay natural foot role. Something move despite word degree experience nature.,41,SCIENCE_FICTION,user_2wPRveAHPeTG0QUCpqrLhvXofVT,True
The Big Bad Wolf: A Novel,James Patterson,"Little, Brown",2003,http://images.amazon.com/images/P/0316602906.01.LZZZZZZZ.jpg,205,919,English,APPROVED,34.73,3,According quite security wish guy. Kitchen safe push really.,57,NON_FICTION,user_2wPRveAHPeTG0QUCpqrLhvXofVT,False
Four Blind Mice,James Patterson,"Little, Brown",2002,http://images.amazon.com/images/P/0316693006.01.LZZZZZZZ.jpg,206,471,English,APPROVED,42.06,3,Force dinner service somebody drive health. Play hope each themselves role worker it. Free long itself decision medical.,54,SELF_HELP,user_2wPRveAHPeTG0QUCpqrLhvXofVT,False
Private Screening,Richard North Patterson,Ballantine Books,1994,http://images.amazon.com/images/P/0345311396.01.LZZZZZZZ.jpg,207,845,English,APPROVED,19.61,4,Deep fine east member sister improve win. Senior form follow money floor character rock.,14,SELF_HELP,user_2wPRveAHPeTG0QUCpqrLhvXofVT,False
Congo,Michael Crichton,Ballantine Books,1995,http://images.amazon.com/images/P/0345378490.01.LZZZZZZZ.jpg,208,543,Spanish,APPROVED,47.84,3,Church school behavior method food. Hit again common capital decide oil same. May small bring professional area now.,0,THRILLER,user_2wPRveAHPeTG0QUCpqrLhvXofVT,True
Protect and Defend,Richard North Patterson,Ballantine Books,2001,http://images.amazon.com/images/P/0345404793.01.LZZZZZZZ.jpg,209,530,Spanish,APPROVED,5.35,5,"Close never later piece. Option it hard.
Few collection old often road someone suggest. Finish but bed light follow just walk easy.",97,SELF_HELP,user_2wPRveAHPeTG0QUCpqrLhvXofVT,True
The Tall Pine Polka,Lorna Landvik,Ballantine Books,1999,http://images.amazon.com/images/P/0345433173.01.LZZZZZZZ.jpg,210,628,English,APPROVED,37.35,2,Would according black run relate second air environment. Style really successful. Fish election thus draw according himself. Toward difference plant.,67,YOUNG_ADULT,user_2wPRveAHPeTG0QUCpqrLhvXofVT,True
Memoirs of a Geisha,Arthur Golden,Alfred A. Knopf,1997,http://images.amazon.com/images/P/0375400117.01.LZZZZZZZ.jpg,211,765,English,APPROVED,16.4,5,"First somebody beat too.
Guess turn low trial floor. Republican education century wall set.
Ball sure tree in remember. Rich choose reveal career.",82,CHILDRENS_LITERATURE,user_2wPRveAHPeTG0QUCpqrLhvXofVT,True
Plainsong (Vintage Contemporaries),KENT HARUF,Vintage,2000,http://images.amazon.com/images/P/0375705856.01.LZZZZZZZ.jpg,212,540,English,APPROVED,41.37,5,Work development could land. One action fall simply seem behavior. Establish anything which available perhaps kind whatever ready.,7,ROMANCE,user_2wPRveAHPeTG0QUCpqrLhvXofVT,True
Body of Evidence (Kay Scarpetta Mysteries (Paperback)),Patricia D. Cornwell,Avon,1992,http://images.amazon.com/images/P/0380717018.01.LZZZZZZZ.jpg,213,735,English,APPROVED,29.95,1,"Yourself choose deep.
Surface floor sure eye former student deal. Strong quickly dark approach. Skin hit piece keep modern model.",40,YOUNG_ADULT,user_2wPRveAHPeTG0QUCpqrLhvXofVT,False
All That Remains (Kay Scarpetta Mysteries (Paperback)),Patricia D. Cornwell,Avon,1993,http://images.amazon.com/images/P/0380718332.01.LZZZZZZZ.jpg,214,497,English,APPROVED,34.98,1,Assume their draw real boy hit. Investment up technology myself camera. Result way kind month thousand.,40,FANTASY,user_2wPRveAHPeTG0QUCpqrLhvXofVT,True
The Case of the Lost Look-Alike (An Avon Camelot Book),Carol J. Farley,Avon Books,1988,http://images.amazon.com/images/P/0380754509.01.LZZZZZZZ.jpg,215,443,Spanish,APPROVED,30.88,4,Political many bar another pattern hand. Offer rock series once receive on. Community letter beyond away.,14,FANTASY,user_2wPRveAHPeTG0QUCpqrLhvXofVT,False
Petals on the River,Kathleen E. Woodiwiss,Avon Trade,1997,http://images.amazon.com/images/P/038076654X.01.LZZZZZZZ.jpg,216,481,French,APPROVED,46.05,4,Test world cell north rule north spring project. Wish another information professional. Tend serious difference born note whose table lay.,46,CHILDRENS_LITERATURE,user_2wPRveAHPeTG0QUCpqrLhvXofVT,False
The Elusive Flame,Kathleen E. Woodiwiss,Avon,1999,http://images.amazon.com/images/P/0380807866.01.LZZZZZZZ.jpg,217,673,Spanish,APPROVED,15.96,3,Education somebody wait. Thus relate wrong let especially form. Everything mouth ground.,61,SELF_HELP,user_2wPRveAHPeTG0QUCpqrLhvXofVT,True
Legacy of Silence,Belva Plain,Bantam Dell Pub Group,1998,http://images.amazon.com/images/P/0385316895.01.LZZZZZZZ.jpg,218,195,English,APPROVED,41.32,3,Visit ago listen budget board. Mind sister opportunity feel. Control local difficult.,36,NON_FICTION,user_2wPRveAHPeTG0QUCpqrLhvXofVT,False
The Brethren,JOHN GRISHAM,Doubleday,2000,http://images.amazon.com/images/P/0385497466.01.LZZZZZZZ.jpg,219,935,French,APPROVED,36.34,3,House style space network young summer yet. President study simple letter energy company lead. Describe body street dinner protect.,71,CHILDRENS_LITERATURE,user_2wPRveAHPeTG0QUCpqrLhvXofVT,False
The King of Torts,John Grisham,Doubleday Books,2003,http://images.amazon.com/images/P/0385508042.01.LZZZZZZZ.jpg,220,450,French,APPROVED,11.18,4,"Experience they media yeah. Always daughter gun feeling.
Usually citizen factor big. Rise father against whether career.",13,BIOGRAPHY,user_2wPRveAHPeTG0QUCpqrLhvXofVT,True
The Curious Incident of the Dog in the Night-Time : A Novel,MARK HADDON,Doubleday,2003,http://images.amazon.com/images/P/0385509456.01.LZZZZZZZ.jpg,221,808,English,APPROVED,26.07,4,Mission plan truth training film money table development. Hand question grow want hit state pull me.,83,SCIENCE_FICTION,user_2wPRveAHPeTG0QUCpqrLhvXofVT,True
Bleachers,John Grisham,Doubleday,2003,http://images.amazon.com/images/P/0385511612.01.LZZZZZZZ.jpg,222,956,Spanish,APPROVED,45.27,1,Check government thus particularly grow. Research will require not the. Down question carry though figure.,47,MYSTERY,user_2wPRveAHPeTG0QUCpqrLhvXofVT,True
Sisterhood of the Traveling Pants,ANN BRASHARES,Delacorte Books for Young Readers,2003,http://images.amazon.com/images/P/0385730586.01.LZZZZZZZ.jpg,223,166,French,APPROVED,36.3,3,Top act since glass step how. Dream national read fear development find.,0,YOUNG_ADULT,user_2wPRveAHPeTG0QUCpqrLhvXofVT,True
Only Love (Magical Love),Erich Segal,Berkley Publishing Group,1998,http://images.amazon.com/images/P/0425164403.01.LZZZZZZZ.jpg,224,889,English,APPROVED,16.08,4,Kitchen employee TV establish six more type. Director mind entire public project. Newspaper professor population.,35,THRILLER,user_2wPRveAHPeTG0QUCpqrLhvXofVT,True
All or Nothing (Wheeler Large Print Books),Elizabeth Adler,Island,2000,http://images.amazon.com/images/P/0440234964.01.LZZZZZZZ.jpg,225,380,Spanish,APPROVED,9.91,3,City chair war allow. Method administration spend walk second. Check rather us improve perform.,73,ROMANCE,user_2wPRveAHPeTG0QUCpqrLhvXofVT,False
Roses Are Red (Alex Cross Novels),James Patterson,Warner Vision,2001,http://images.amazon.com/images/P/0446605484.01.LZZZZZZZ.jpg,226,358,Spanish,APPROVED,45.85,4,Oil nearly before explain plant land statement. Perform fund operation so yet whatever statement. Make space television.,35,ROMANCE,user_2wPRveAHPeTG0QUCpqrLhvXofVT,False
The Rescue,Nicholas Sparks,Warner Books,2001,http://images.amazon.com/images/P/0446610399.01.LZZZZZZZ.jpg,227,177,Spanish,APPROVED,42.44,5,Fire because marriage easy board enjoy. Improve among trade two. North now paper building. Increase civil character open.,4,MYSTERY,user_2wPRveAHPeTG0QUCpqrLhvXofVT,True
Manhattan Hunt Club,JOHN SAUL,Ballantine Books,2002,http://images.amazon.com/images/P/0449006522.01.LZZZZZZZ.jpg,228,326,French,APPROVED,15.46,4,Something notice add seek keep. Federal they skill hair serious water. Notice probably crime factor term important.,84,FANTASY,user_2wPRveAHPeTG0QUCpqrLhvXofVT,True
Patty Jane's House of Curl (Ballantine Reader's Circle),LORNA LANDVIK,Ballantine Books,1996,http://images.amazon.com/images/P/0449911004.01.LZZZZZZZ.jpg,229,251,English,APPROVED,21.35,5,Act radio card of in always hundred. Since hour me clearly. Investment heavy bar himself.,80,HISTORICAL_FICTION,user_2wPRveAHPeTG0QUCpqrLhvXofVT,True
Pet Sematary,Stephen King,Signet Book,1994,http://images.amazon.com/images/P/0451162072.01.LZZZZZZZ.jpg,230,414,English,APPROVED,28.69,4,Continue arm treat painting everyone woman cut. Parent us glass two.,75,MYSTERY,user_2wPRveAHPeTG0QUCpqrLhvXofVT,True
Silent Snow,Steve Thayer,Signet Book,2000,http://images.amazon.com/images/P/0451186648.01.LZZZZZZZ.jpg,231,108,English,APPROVED,28.38,3,Address simple measure investment about account story. Director young until class perform ability establish what.,23,NON_FICTION,user_2wPRveAHPeTG0QUCpqrLhvXofVT,True
Girl with a Pearl Earring,Tracy Chevalier,Plume Books,2001,http://images.amazon.com/images/P/0452282152.01.LZZZZZZZ.jpg,232,453,French,APPROVED,27.12,5,Shake consumer blue someone such. Last who who walk. Send per effort vote.,88,ROMANCE,user_2wPRveAHPeTG0QUCpqrLhvXofVT,False
Summer of Storms,Judith Kelman,Jove Books,2002,http://images.amazon.com/images/P/051513290X.01.LZZZZZZZ.jpg,233,195,English,APPROVED,5.82,5,Quickly decision structure heart away store art. Hour executive behavior analysis system test language. Young dinner institution.,63,MYSTERY,user_2wPRveAHPeTG0QUCpqrLhvXofVT,True
The Patient,Michael Palmer,Bantam Books,2001,http://images.amazon.com/images/P/0553580388.01.LZZZZZZZ.jpg,234,682,Spanish,APPROVED,47.82,5,Offer ready father call on factor kitchen. Knowledge lose specific represent central century society. People have its crime.,81,BIOGRAPHY,user_2wPRveAHPeTG0QUCpqrLhvXofVT,True
"Demona's Revenge (Gargoyles, No. 2)",Francine Hughes,Scholastic,1995,http://images.amazon.com/images/P/0590598848.01.LZZZZZZZ.jpg,235,469,Spanish,APPROVED,44.7,4,Win time often write. Head surface student argue. Enjoy current others traditional.,35,SELF_HELP,user_2wPRveAHPeTG0QUCpqrLhvXofVT,False
Clifford's Sports Day,Norman Bridwell,Scholastic,1996,http://images.amazon.com/images/P/0590629719.01.LZZZZZZZ.jpg,236,411,French,APPROVED,46.52,2,Large her finish single rather. Specific last which month home reason he. Case finally place operation election. Force subject remain.,11,YOUNG_ADULT,user_2wPRveAHPeTG0QUCpqrLhvXofVT,True
Postmortem (Kay Scarpetta Mysteries (Paperback)),Patricia Cornwell,Pocket,1998,http://images.amazon.com/images/P/0671023616.01.LZZZZZZZ.jpg,237,705,Spanish,APPROVED,31.27,4,"Baby no thank war. Your energy practice production share.
Without wall success begin. It ten firm service difficult your. Bank majority year town.",73,HISTORICAL_FICTION,user_2wPRveAHPeTG0QUCpqrLhvXofVT,False
Deception Point,Dan Brown,Pocket,2002,http://images.amazon.com/images/P/0671027387.01.LZZZZZZZ.jpg,238,878,Spanish,APPROVED,29.07,1,Goal travel short somebody imagine knowledge agency. This be religious late once. Option bag protect goal thing speak scientist condition.,74,SCIENCE_FICTION,user_2wPRveAHPeTG0QUCpqrLhvXofVT,False
Tis : A Memoir,Frank McCourt,Scribner,1999,http://images.amazon.com/images/P/0684848783.01.LZZZZZZZ.jpg,239,678,French,APPROVED,6.98,3,Seven commercial dream mention mouth course religious west. Beat design bed tree. State win prove.,82,BIOGRAPHY,user_2wPRveAHPeTG0QUCpqrLhvXofVT,True
Angels &amp; Demons,Dan Brown,Atria,2003,http://images.amazon.com/images/P/0743486226.01.LZZZZZZZ.jpg,240,362,Spanish,APPROVED,45.76,4,Rule against several himself air want still. There race reach site of. Stage wish owner guess management.,52,NON_FICTION,user_2wPRveAHPeTG0QUCpqrLhvXofVT,True
A Monk Swimming,Malachy McCourt,Hyperion,1998,http://images.amazon.com/images/P/0786863986.01.LZZZZZZZ.jpg,241,720,French,APPROVED,9.86,4,Sure performance offer hit. Range reflect party may. Former stuff painting piece executive analysis.,69,ROMANCE,user_2wPRveAHPeTG0QUCpqrLhvXofVT,True
Crazy Horse,Mari Sandoz,University of Nebraska Press,1961,http://images.amazon.com/images/P/0803251718.01.LZZZZZZZ.jpg,242,803,French,APPROVED,13.03,1,Scene serve while pick also cell wind. Reality during when class street over main. Parent protect should spring on heavy.,55,NON_FICTION,user_2wPRveAHPeTG0QUCpqrLhvXofVT,True
